{"x":406.387756347656,"y":48.0,"z":130.859130859375,"EnemyActive":[true,true],"EnemyHpActive":[true,true]}