{"sceneName":"Level1","x":0.404996752738953,"y":1.55417346954346,"z":-52.2744979858398,"is_Soul1":false,"is_Soul2":false,"san":300,"res":30,"GraveStoneId":[0,1,2,3,4,6],"SpawnEnemyId":[],"ComputerId":[],"EnemyId":[]}