{"x":-6.72686195373535,"y":1.44999980926514,"z":-49.5425109863281,"EnemyActive":[true],"EnemyHpActive":[true,true]}