{"sceneName":"LEVEL3","x":-0.113236904144287,"y":1.57100021839142,"z":26.016544342041,"is_Soul1":false,"is_Soul2":false,"san":300,"res":30,"GraveStoneId":[0,1,2,3,4,5,6,7],"SpawnEnemyId":[],"ComputerId":[],"EnemyId":[]}