{"sceneName":"Level1","x":0.36052680015564,"y":1.55817413330078,"z":1.33868408203125,"GraveStoneId":[0,1,2,3,4,6],"SpawnEnemyId":[],"ComputerId":[],"EnemyId":[]}