{"sceneName":"LEVEL3","x":-0.197384551167488,"y":1.52500009536743,"z":-45.8823432922363,"GraveStoneId":[0,1,2,3,4,5,6,7],"SpawnEnemyId":[],"ComputerId":[],"EnemyId":[]}