{"sceneName":"LEVEL3","x":0.770076930522919,"y":1.52499997615814,"z":-48.8755226135254,"san":710,"res":50,"GraveStoneId":[0,1,2,3,4,5,6,7],"SpawnEnemyId":[],"ComputerId":[],"EnemyId":[]}