{"sceneName":"Level3","x":0.602935791015625,"y":1.57099974155426,"z":25.9607887268066,"is_Soul1":true,"is_Soul2":true,"san":810,"res":60,"GraveStoneId":[5,6,7],"SpawnEnemyId":[],"ComputerId":[],"EnemyId":[]}