{"sceneName":"LEVEL3","x":0.660144805908203,"y":1.57100021839142,"z":25.9160461425781,"is_Soul1":false,"is_Soul2":false,"san":300,"res":30,"GraveStoneId":[0,1,2,3,4,5,6,7],"SpawnEnemyId":[],"ComputerId":[],"EnemyId":[]}