{"sceneName":"Level1","x":0.109760820865631,"y":1.55817413330078,"z":2.45275497436523,"GraveStoneId":[0,1,2,3,4],"SpawnEnemyId":[],"ComputerId":[],"EnemyId":[]}