{"sceneName":"Level3","x":0.610719919204712,"y":1.57100009918213,"z":-49.4584465026855,"is_Soul1":false,"is_Soul2":false,"san":300,"res":30,"GraveStoneId":[0,1,2,3,4,5,6,7],"SpawnEnemyId":[],"ComputerId":[],"EnemyId":[]}