{"x":-0.560741066932678,"y":1.44999980926514,"z":-23.511999130249,"EnemyActive":[false,false,true,false],"EnemyHpActive":[false,true]}