{"sceneName":"Level3","x":0.0568096712231636,"y":1.44999885559082,"z":24.6226005554199,"GraveStoneId":[4,2,6,3,5,1,0],"SpawnEnemyId":[0],"ComputerId":[],"EnemyId":[]}