{"sceneName":"Level3","x":0.708133220672607,"y":1.57100021839142,"z":-8.88951206207275,"is_Soul1":false,"is_Soul2":false,"san":300,"res":30,"GraveStoneId":[0,1,2,3,4,5,6,7],"SpawnEnemyId":[],"ComputerId":[],"EnemyId":[]}