{"sceneName":"LEVEL3","x":0.419990301132202,"y":1.52499747276306,"z":-9.02646541595459,"GraveStoneId":[3,4,5,6,7],"SpawnEnemyId":[],"ComputerId":[],"EnemyId":[]}