{"sceneName":"LEVEL3","x":0.257855743169785,"y":1.57099831104279,"z":25.9483299255371,"san":300,"res":30,"GraveStoneId":[5,6,7],"SpawnEnemyId":[],"ComputerId":[],"EnemyId":[]}