{"sceneName":"LEVEL2","x":0.308523863554001,"y":1.50199806690216,"z":-15.4951086044312,"GraveStoneId":[2,3],"SpawnEnemyId":[],"ComputerId":[1],"EnemyId":[]}