{"sceneName":"Level1","x":0.367482781410217,"y":1.57917404174805,"z":-52.6668968200684,"is_Soul1":false,"is_Soul2":false,"san":300,"res":30,"GraveStoneId":[0,1,2,3,4,6],"SpawnEnemyId":[],"ComputerId":[],"EnemyId":[]}