{"sceneName":"LEVEL3","x":0.910572528839111,"y":1.52499914169312,"z":-46.3643112182617,"GraveStoneId":[0,1,2,3,4,5,6,7],"SpawnEnemyId":[],"ComputerId":[],"EnemyId":[]}