{"sceneName":"Level1","x":0.402796387672424,"y":1.44999980926514,"z":-32.153003692627,"GraveStoneId":[4,6,3,2,1],"SpawnEnemyId":[],"ComputerId":[]}