{"sceneName":"Level1","x":-0.0923797190189362,"y":1.55817413330078,"z":28.9005088806152,"GraveStoneId":[0,1,2,3,4],"SpawnEnemyId":[],"ComputerId":[],"EnemyId":[]}