{"sceneName":"LEVEL3","x":0.800292909145355,"y":1.57100009918213,"z":-49.5002899169922,"san":300,"res":30,"GraveStoneId":[0,1,2,3,4,5,6,7],"SpawnEnemyId":[],"ComputerId":[],"EnemyId":[]}