{"sceneName":"Level1","x":-0.413148909807205,"y":1.47917366027832,"z":-32.1257667541504,"is_Soul1":false,"is_Soul2":false,"san":300,"res":30,"GraveStoneId":[1,2,3,4,6],"SpawnEnemyId":[],"ComputerId":[],"EnemyId":[]}