{"sceneName":"LEVEL3","x":0.561750471591949,"y":1.52499985694885,"z":25.7666015625,"GraveStoneId":[5,6,7],"SpawnEnemyId":[],"ComputerId":[],"EnemyId":[]}