{"sceneName":"LEVEL2","x":0.469999998807907,"y":1.45640015602112,"z":-50.2534294128418,"san":300,"res":30,"GraveStoneId":[0,1,2,3],"SpawnEnemyId":[0],"ComputerId":[1],"EnemyId":[]}