{"sceneName":"Level3","x":-0.0715034008026123,"y":1.57100057601929,"z":-8.52400684356689,"is_Soul1":false,"is_Soul2":false,"san":300,"res":30,"GraveStoneId":[0,1,2,3,4,5,6,7],"SpawnEnemyId":[],"ComputerId":[],"EnemyId":[]}