{"sceneName":"LEVEL2","x":0.509999990463257,"y":1.45639991760254,"z":-50.3022766113281,"san":300,"res":30,"GraveStoneId":[0,1,2,3],"SpawnEnemyId":[0],"ComputerId":[],"EnemyId":[]}