{"sceneName":"Level1","x":0.603625535964966,"y":1.42917346954346,"z":-52.591064453125,"GraveStoneId":[0,1,2,3,4,6],"SpawnEnemyId":[],"ComputerId":[],"EnemyId":[]}