{"sceneName":"Level3","x":0.171512842178345,"y":1.52499866485596,"z":26.5126361846924,"GraveStoneId":[7],"SpawnEnemyId":[],"ComputerId":[],"EnemyId":[]}