{"sceneName":"Level1","x":-0.131558537483215,"y":1.55817413330078,"z":-32.2096557617188,"GraveStoneId":[0,1,2,3,4,6],"SpawnEnemyId":[],"ComputerId":[],"EnemyId":[]}