{"x":-2.27617454528809,"y":1.44999980926514,"z":-53.7725372314453,"EnemyActive":[true],"EnemyHpActive":[true,true]}