{"sceneName":"Level1","x":0.369170784950256,"y":1.55817413330078,"z":-32.2181243896484,"GraveStoneId":[1,2,3,4,6],"SpawnEnemyId":[],"ComputerId":[],"EnemyId":[]}