{"sceneName":"LEVEL3","x":0.52293848991394,"y":1.52499961853027,"z":26.0222682952881,"GraveStoneId":[5,6,7],"SpawnEnemyId":[],"ComputerId":[],"EnemyId":[]}