{"sceneName":"LEVEL2","x":0.400000005960464,"y":1.50199997425079,"z":-49.2599983215332,"GraveStoneId":[0,1,2,3],"SpawnEnemyId":[0],"ComputerId":[1],"EnemyId":[]}