{"sceneName":"LEVEL2","x":1.02792906761169,"y":1.32299935817719,"z":-48.8209037780762,"san":400,"res":30,"GraveStoneId":[2,3],"SpawnEnemyId":[],"ComputerId":[1],"EnemyId":[]}