{"sceneName":"LEVEL3","x":0.769999980926514,"y":1.52499997615814,"z":-48.8899993896484,"GraveStoneId":[0,1,2,3,4,5,6,7],"SpawnEnemyId":[],"ComputerId":[],"EnemyId":[]}