{"sceneName":"Level1","x":0.368182063102722,"y":1.27117347717285,"z":-52.726619720459,"is_Soul1":false,"is_Soul2":false,"san":300,"res":30,"GraveStoneId":[0,1,2,3,4,6],"SpawnEnemyId":[],"ComputerId":[],"EnemyId":[]}