{"sceneName":"Level1","x":-0.153723269701004,"y":1.55817413330078,"z":-53.6453742980957,"GraveStoneId":[0,1,2,3,4,5,6],"SpawnEnemyId":[],"ComputerId":[],"EnemyId":[]}