{"sceneName":"Level1","x":0.580944895744324,"y":1.55817413330078,"z":-32.2758674621582,"GraveStoneId":[1,2,3,4,6],"SpawnEnemyId":[],"ComputerId":[],"EnemyId":[]}