{"sceneName":"LEVEL3","x":0.323111921548843,"y":1.52499961853027,"z":-9.02688217163086,"GraveStoneId":[3,4,5,6,7],"SpawnEnemyId":[],"ComputerId":[],"EnemyId":[]}