{"sceneName":"Level1","x":0.765845060348511,"y":1.55817413330078,"z":-53.5057373046875,"GraveStoneId":[0,1,2,3,4,6],"SpawnEnemyId":[],"ComputerId":[],"EnemyId":[]}